,nb_images_exact,accuracy,truncation_overlap
0,4506,0.9209,"[0.99999475,1.0000157,0.999997,1.0000081,0.9999905,1.0000106,0.9999887,1.0000188,0.99999005,0.9999871 ]"
